,sym_1,sym_2,p_value,hedge_ratio,initial_intercept,trading_oppotunities,estimated_return_first_499intervals,current_z_score,total_score
180,DOGEUSDT,STORJUSDT,0.005808500853362813,0.014655394444543465,0.06263463647727611,3,191.7219313260376,-0.9285428241674883,191.7219313260376
19,BCHUSDT,DOGEUSDT,5.413254627788908e-06,-3684.372405474316,539.6435405372492,6,155.13686570595215,-1.3597875258909442,155.13686570595215
32,BCHUSDT,MATICUSDT,2.1160608362523444e-05,-243.12627359456624,455.1947375476531,9,151.51065570889702,-1.3082582077364528,151.51065570889702
45,BCHUSDT,INJUSDT,0.00018391553176038252,-17.478793181979515,439.2298415581977,8,147.6741609842669,-1.4227704391268248,147.6741609842669
46,BCHUSDT,LDOUSDT,3.959090427094321e-05,-61.91638121945436,421.2585075214131,8,146.23897376744415,-1.6330156327253376,146.23897376744415
37,BCHUSDT,SFPUSDT,9.982307421936643e-05,-435.25018322611055,495.33630632511426,7,143.17142714974773,-1.3546207345825811,143.17142714974773
31,BCHUSDT,FILUSDT,0.001386507626239876,-13.845532400145453,349.50548412497614,6,142.83512153682534,-1.3940672318388867,142.83512153682534
40,BCHUSDT,1000SHIBUSDT,5.715274028181394e-05,-40247.29913781922,597.4137234340349,7,142.3514167377797,-1.3398604424165728,142.3514167377797
16,BCHUSDT,ATOMUSDT,0.000209394124661883,-17.5571777473334,458.11849910538984,6,139.68453524603754,-1.280349660051744,139.68453524603754
12,BCHUSDT,TRXUSDT,5.7709182386941066e-05,-5539.009349359736,714.8646183407398,6,138.52086237711853,-1.1605374870981209,138.52086237711853
34,BCHUSDT,AXSUSDT,0.0003546967357287906,-21.334427984890205,422.10287230319364,7,136.55691332861204,-1.6603403679077742,136.55691332861204
39,BCHUSDT,NKNUSDT,1.634484491853536e-05,-1702.524644678913,460.6996695931864,6,135.32712903816872,-0.5788958220648858,135.32712903816872
17,BCHUSDT,ALGOUSDT,0.0007084570375075023,-1593.4657650706679,487.6569278361963,6,129.6564182710589,-1.6397530177600088,129.6564182710589
14,BCHUSDT,ADAUSDT,0.0003431474030172281,-699.6165915383315,493.63296474336977,5,129.00797457729576,-1.3591047365525917,129.00797457729576
35,BCHUSDT,GRTUSDT,0.003244853292099312,-352.91667587593366,331.46535925888895,5,127.47568025825875,-1.4761626722233703,127.47568025825875
44,BCHUSDT,GMTUSDT,2.4035879929397832e-05,-830.6388876736471,478.8490002929809,5,124.74377459169493,-1.1822083024024477,124.74377459169493
24,BCHUSDT,DOTUSDT,0.002497742347397164,-22.503620166739967,409.9902707179204,5,123.86260425888997,-1.678610548787279,123.86260425888997
28,BCHUSDT,FTMUSDT,0.0013469005572517066,-492.1057546924847,443.4100298832402,5,121.71898829683165,-1.4347074919035576,121.71898829683165
21,BCHUSDT,WAVESUSDT,0.0033949384868325713,91.88043113737346,113.25333861924581,5,118.5930726349723,-1.9420118120045387,118.5930726349723
42,BCHUSDT,GALAUSDT,0.004887452248338769,-5113.216266712072,418.3897389043617,5,118.24006458199432,-1.4791067692863333,118.24006458199432
27,BCHUSDT,UNIUSDT,0.0015516652560763453,-18.88966914865024,393.11645442759846,4,117.21521415818339,-1.4210855258817652,117.21521415818339
25,BCHUSDT,CRVUSDT,1.1502930807373497e-06,-244.17567520608034,478.8388612729912,6,117.19890160181133,-1.2173219116140537,117.19890160181133
85,LTCUSDT,WAVESUSDT,0.037937678239719,-58.376498560014646,219.25027105123266,7,115.80925663653213,-0.5057299838052576,115.80925663653213
20,BCHUSDT,KAVAUSDT,0.028513419702432805,-72.23127208722667,359.1714529113672,6,115.44150829237147,-1.546768125492812,115.44150829237147
43,BCHUSDT,FLOWUSDT,0.014766937196820224,-35.087871785649845,312.83080950842344,4,115.27886443027742,-1.7065981703789515,115.27886443027742
36,BCHUSDT,SANDUSDT,0.0001717699964570038,-343.5776436449137,440.53310164090345,5,114.17085531114549,-1.5626028921876145,114.17085531114549
47,BCHUSDT,APTUSDT,0.0004470844308742753,-16.946789562763904,416.5039901650452,7,113.53343872413532,-1.3027148262852968,113.53343872413532
26,BCHUSDT,STORJUSDT,1.7296930145023888e-05,-117.54928164899236,330.8244824055825,4,112.07689735138587,0.27513291292465614,112.07689735138587
13,BCHUSDT,LINKUSDT,0.0007172841929494202,-21.699031569014252,429.4734003799681,4,111.8951132879314,-1.50213851045768,111.8951132879314
33,BCHUSDT,OCEANUSDT,2.6418315155790852e-05,-612.5590095503468,491.209712841966,5,111.7059566013911,-0.7254875436806805,111.7059566013911
196,KAVAUSDT,MKRUSDT,0.005129427815254953,9.401376837023693e-05,0.8717399311434315,4,110.24158552129428,0.2708775696108954,110.24158552129428
41,BCHUSDT,MASKUSDT,0.01809906927745117,-17.762884096663672,352.9562212828545,4,104.41158709485973,-1.6038966463277005,104.41158709485973
11,BCHUSDT,XRPUSDT,0.0002837978180140015,-658.5962662528758,606.7345151459339,5,99.38376444688005,-1.1137075634994358,99.38376444688005
38,BCHUSDT,MTLUSDT,0.001928034110097835,-86.57776108247913,403.0103601340083,5,97.14129606807049,-0.5663801512803602,97.14129606807049
30,BCHUSDT,AAVEUSDT,2.5444245360852247e-05,-1.3632807471643151,386.663673484272,6,93.67056525817905,-0.4590221417461856,93.67056525817905
22,BCHUSDT,MKRUSDT,3.5289147961971147e-05,-0.0651804101284648,347.62018423912275,7,92.39429167627304,-1.0216925646118862,92.39429167627304
176,COMPUSDT,APEUSDT,0.02394898489476145,-75.64924744547866,226.76679698256507,5,88.25884387025802,0.20315810898289893,88.25884387025802
18,BCHUSDT,COMPUSDT,0.01767752666984628,-0.3631743306222433,311.81545131777614,4,84.78403738482622,-1.492991184440304,84.78403738482622
236,CRVUSDT,AAVEUSDT,0.01087360764103678,0.0051279453488400056,0.409699923544071,8,84.02596846048029,-2.1010851550171483,84.02596846048029
199,KAVAUSDT,STORJUSDT,0.0250432572975299,0.10243292582522118,0.919146073430579,6,83.26912668396345,-0.06740157199692283,83.26912668396345
228,SNXUSDT,NKNUSDT,0.007554879206793603,-10.181855398118149,3.2864526567555536,6,81.38980261247742,-0.36453354943527705,81.38980261247742
108,ETCUSDT,GALAUSDT,0.04732282168410792,-445.5804316541789,31.446975760549222,4,80.27193177919492,-0.8525234315656574,80.27193177919492
182,DOGEUSDT,FILUSDT,0.04431126843910515,0.0022701385816804634,0.05797661669351261,3,78.5547142263663,0.5283241527331173,78.5547142263663
29,BCHUSDT,TOMOUSDT,0.0016649966775848272,228.14420587391098,47.89747413377251,5,76.79130403940839,0.11057344209326633,76.79130403940839
229,SNXUSDT,1000SHIBUSDT,0.01815769708801894,-234.46885972082418,4.0565288559592725,5,73.07809446439545,-1.1706907354116047,73.07809446439545
273,TOMOUSDT,LINAUSDT,0.03142957733194318,50.347428784970305,0.3637287261254452,4,72.06270592469012,-2.0469115612360413,72.06270592469012
106,ETCUSDT,MASKUSDT,0.03273605296951121,-2.0575816759144145,27.54486717109971,3,69.97610173850924,-1.0243051458216625,69.97610173850924
109,ETCUSDT,GMTUSDT,0.011758759057743188,-35.97092514052896,28.446713654090512,3,67.7874433724966,-0.7020378631654824,67.7874433724966
292,BELUSDT,CELOUSDT,0.00043675557667356794,0.31939680749290444,0.5167658646583695,9,67.60672834195465,0.7255621902182541,67.60672834195465
276,TOMOUSDT,1000SHIBUSDT,0.04700641386459591,-44.784509971861354,1.4039870827059326,6,65.7668980681245,-2.5267180831924705,65.7668980681245
15,BCHUSDT,BNBUSDT,0.011293381227879302,-0.5345385144398591,420.80782712166194,5,63.47853822577812,-1.7101996942282551,63.47853822577812
23,BCHUSDT,SNXUSDT,0.00017146726411858683,124.0899242581026,8.92078585879348,7,62.92468216972066,-0.8223523812215334,62.92468216972066
104,ETCUSDT,OCEANUSDT,0.016077922967487817,-27.22141140587337,29.209854224433236,3,61.15485932386635,-0.41184965643133103,61.15485932386635
175,COMPUSDT,SOLUSDT,0.002755892739641502,9.719962204724693,-125.30578697576331,6,61.082554971863814,0.6966614601538819,61.082554971863814
192,DOGEUSDT,INJUSDT,0.010149847792193982,0.0033868303119713276,0.038823983896359986,3,60.67107866183852,0.4877721768504704,60.67107866183852
168,ONTUSDT,FLOWUSDT,0.03710797344656677,-0.00976297307981508,0.21117789424662678,2,60.61454343839357,-0.41780267452318987,60.61454343839357
126,ADAUSDT,MKRUSDT,0.004322204347078822,4.228536588723277e-05,0.25350736519082945,8,59.83027666944288,-0.00769627801612118,59.83027666944288
76,EOSUSDT,FLOWUSDT,0.04562091715164504,0.09535002588187894,0.6936476230842461,4,59.06612070969334,0.13137540141463472,59.06612070969334
74,EOSUSDT,CELOUSDT,0.04819876172057956,0.06601273184273061,0.7203170425989845,4,58.8823307470058,0.0600054438752926,58.8823307470058
244,SOLUSDT,APEUSDT,0.0021089553152840715,-5.134285039257019,30.363579367589754,9,57.906896533495505,0.03338305470972352,57.906896533495505
222,SNXUSDT,CRVUSDT,0.00019944248355012519,-1.6445961839456422,3.5373090454545983,7,56.67423252058768,-0.9900365133861859,56.67423252058768
189,DOGEUSDT,CELOUSDT,0.013835561833975647,0.009970995383928191,0.0624457954648876,2,56.62135554872086,0.9622273823383123,56.62135554872086
226,SNXUSDT,OCEANUSDT,0.014947323238629791,-3.374130065583683,3.374012861751387,4,55.696406812029764,-0.5982425134800671,55.696406812029764
234,CRVUSDT,STORJUSDT,0.02480084899656437,0.32315253704815666,0.6608403068080997,3,55.19711835543294,-1.6698830514466714,55.19711835543294
275,TOMOUSDT,NKNUSDT,0.012533997012738286,-2.7428904832092553,1.3368150377571086,5,54.31322491782738,-2.1025038196697126,54.31322491782738
225,SNXUSDT,MATICUSDT,0.02357082510114722,-1.3440450762956382,3.1789201055474154,4,54.30186220772562,-1.1348506678038262,54.30186220772562
96,LTCUSDT,DYDXUSDT,0.0323812616559344,34.11377232360033,36.92599228533528,3,54.07123377938177,0.22959480466306423,54.07123377938177
242,SOLUSDT,GRTUSDT,0.012612565560144316,24.818497354161988,16.107628352254387,6,53.51082831040081,0.2141656736377248,53.51082831040081
264,FTMUSDT,FILUSDT,0.0010091470569222234,0.019048495450255578,0.22972754423906813,6,52.98327617896842,0.14191364563839515,52.98327617896842
271,TOMOUSDT,OCEANUSDT,0.00828404144123778,-1.2102529194885174,1.4592601171410635,6,52.852069624034456,-2.088230303083881,52.852069624034456
105,ETCUSDT,MTLUSDT,0.02479434013731709,-5.973722496859621,28.060332374282474,4,52.25827424773013,0.15640882704968007,52.25827424773013
93,LTCUSDT,NKNUSDT,0.013541230607066343,578.9947845585299,48.83579013673366,4,51.580556007700004,-1.3183790853459112,51.580556007700004
99,LTCUSDT,GMTUSDT,0.004892927952591361,254.43283979370392,49.033457174926546,3,51.44732870515982,-0.8750485137572901,51.44732870515982
69,EOSUSDT,GRTUSDT,0.04469850519079597,0.24386284513812392,0.7265814707453379,3,50.90554896129433,-0.015510996198553987,50.90554896129433
80,EOSUSDT,APTUSDT,0.036762936596484545,0.002709187588909208,0.7348907910539823,4,50.11611969893642,0.07007965145979261,50.11611969893642
193,DOGEUSDT,LDOUSDT,0.04361892846672595,0.012486060591092073,0.04127212546188372,4,50.015299742218815,0.8768752227098173,50.015299742218815
213,KAVAUSDT,1000XECUSDT,0.020139104660574548,-1.4268631163132774,1.0049058314905812,5,49.885119967400215,0.6469878954703713,49.885119967400215
166,ONTUSDT,GALAUSDT,0.012935622834261582,-2.47417245240859,0.26690407797040566,4,49.61385199168654,-0.22677097015185013,49.61385199168654
136,ADAUSDT,1000SHIBUSDT,0.002017193213698631,41.24359388390348,-0.024050886739582094,11,49.261944128551654,0.38306891460219505,49.261944128551654
70,EOSUSDT,LINAUSDT,0.017476021036664256,12.739557737872383,0.5783502055136455,4,48.758700342898784,0.5250596399884695,48.758700342898784
186,DOGEUSDT,MTLUSDT,0.009025237256456603,0.00962619519579278,0.05515625525927679,4,48.325151611669,0.010955814227334753,48.325151611669
73,EOSUSDT,GALAUSDT,0.040490971593208074,7.622128814325225,0.5640265934260389,3,48.14752406877956,-0.08099929314193695,48.14752406877956
84,LTCUSDT,SXPUSDT,0.002677502142046973,183.85183942000066,39.031483179029095,3,45.572398438033886,-0.6092938844863066,45.572398438033886
313,1000SHIBUSDT,APTUSDT,0.009692128930438951,0.00022863640159730093,0.00592884706379329,5,45.49235362610885,0.45669528655226205,45.49235362610885
75,EOSUSDT,ARPAUSDT,0.010843820664632832,7.222556298939681,0.360074098701482,4,45.20501252522989,0.5891293408842978,45.20501252522989
65,EOSUSDT,STORJUSDT,0.03895761122745523,0.018046650797360453,0.7488453008451167,4,44.950238967026436,-0.05262501546254093,44.950238967026436
150,ONTUSDT,SXPUSDT,0.00547456882536835,-0.14967671709147734,0.26006822717477107,4,44.39204542604085,-0.34155197087011796,44.39204542604085
314,MASKUSDT,CELOUSDT,0.01035058047043237,1.157202947460222,2.9222294302429277,5,43.80177020465123,0.38884996700006597,43.80177020465123
227,SNXUSDT,MTLUSDT,0.016616609684599472,-0.6408262418601839,3.1017464713941942,6,43.756246960045374,-0.04509097777596214,43.756246960045374
296,AXSUSDT,INJUSDT,0.00423381436826045,0.5309836047802462,1.6548809944769967,5,43.62401715020428,-0.6301869511762627,43.62401715020428
289,OCEANUSDT,MTLUSDT,0.001639084118558401,0.13449184745243992,0.15290337941551063,9,43.28639253848335,-0.23194573834570642,43.28639253848335
272,TOMOUSDT,SFPUSDT,0.04113528296303213,-0.5627100912568044,1.3273446630087273,5,43.278977088211796,-2.513631798887487,43.278977088211796
266,FTMUSDT,MTLUSDT,0.033465111206118586,0.10604511538246152,0.17313924394750752,3,43.09589751789407,-1.7469503925249699,43.09589751789407
223,SNXUSDT,TOMOUSDT,0.03359837888043528,1.2708714642492345,0.9170589128901826,6,42.89667384750618,0.20848747923825092,42.89667384750618
246,UNIUSDT,INJUSDT,0.004769168829422772,0.5389592266283445,0.8524016831952944,6,42.26651755257324,0.3785735688634819,42.26651755257324
305,SFPUSDT,LDOUSDT,0.013391171983755945,0.1129899873362133,0.23212877814574345,8,41.22572949587547,1.1995961687154322,41.22572949587547
95,LTCUSDT,MASKUSDT,0.0012067982172744701,23.34757004149286,24.356716366757336,3,40.865636762256806,-0.662824233509213,40.865636762256806
301,SFPUSDT,MTLUSDT,0.026877207694716923,0.12966208947290483,0.30233770839082574,6,40.55354028918625,-0.8769902419696828,40.55354028918625
247,AVAXUSDT,FTMUSDT,0.007481398339251264,20.04341194424413,6.83319535089255,9,40.01218934143897,-1.7027886019238585,40.01218934143897
58,EOSUSDT,ADAUSDT,0.0038760842295256994,1.714296640592303,0.25665999021545366,5,39.86040718631821,-0.4959996119903716,39.86040718631821
230,SNXUSDT,LDOUSDT,0.04208653806747346,-0.3323615001198024,2.9703141267505244,4,39.67353000059194,-1.436101750668407,39.67353000059194
71,EOSUSDT,MTLUSDT,0.027842835984831556,-0.018515118752387174,0.7791980848601879,4,38.750246362783244,0.27279268974143334,38.750246362783244
261,AVAXUSDT,GMTUSDT,0.04161493812362161,16.860441501398878,9.243685758543604,7,38.60667869923222,-1.1413442939534726,38.60667869923222
130,ADAUSDT,FILUSDT,0.003549675182783344,0.011195144660440656,0.24280941496408645,7,38.54266801879578,0.6434782902803732,38.54266801879578
89,LTCUSDT,AVAXUSDT,0.004071169405960801,7.771140641762353,5.223345230580439,3,38.503852250472264,-0.40505173420652635,38.503852250472264
274,TOMOUSDT,MTLUSDT,0.02346496549957752,-0.18465799872966845,1.3027231071483427,6,36.91565390167667,-1.923293575574919,36.91565390167667
251,AVAXUSDT,BELUSDT,0.00427699072381439,5.204265939521294,9.507718504380632,8,36.75878685437182,-0.6040288324372391,36.75878685437182
50,XRPUSDT,SOLUSDT,0.034931051093096466,0.013180549086733646,0.23004863350036736,6,36.72448126940708,1.3555691509646814,36.72448126940708
94,LTCUSDT,1000SHIBUSDT,0.04504119874961234,21433.370553672445,-56.780025919436675,3,36.55063400597449,-0.9777528768536544,36.55063400597449
252,AVAXUSDT,GRTUSDT,0.000177578832781525,9.828633334312434,11.923872616773119,8,36.46655704117387,-0.8861825778604696,36.46655704117387
297,AXSUSDT,LDOUSDT,0.017546642617010763,1.9326985102062368,2.0912935426083696,6,36.21242812458442,-0.1769494764503644,36.21242812458442
103,ETCUSDT,SOLUSDT,0.0356078777775529,-0.7007036116016772,33.59717090931449,8,35.66668051130525,-0.8811279534222958,35.66668051130525
259,AVAXUSDT,CELOUSDT,0.00038197004510854383,1.6413074844799524,12.208120816420601,9,35.59725663808724,-0.2785938679187574,35.59725663808724
207,KAVAUSDT,GRTUSDT,0.00170135348663625,0.8077064515437083,0.8601393342307811,6,35.06310119511245,0.6756061910966559,35.06310119511245
201,KAVAUSDT,FTMUSDT,0.01215605058963822,1.6464708734062399,0.4420031121519123,7,34.838311568515564,0.510992215266921,34.838311568515564
278,AAVEUSDT,APEUSDT,0.022057681365195043,-64.21390544398497,212.76537064073906,3,34.33579815649882,1.8371233468213601,34.33579815649882
277,NEARUSDT,FLOWUSDT,0.001932812188352532,0.4351360184987211,1.144092809800795,4,34.20418339824091,-1.1146918458825907,34.20418339824091
250,AVAXUSDT,FILUSDT,0.0004197119296226944,0.3623360880680396,11.521041659236095,7,33.345116735203646,-1.0811591148550836,33.345116735203646
255,AVAXUSDT,MTLUSDT,0.004886529360997263,1.939111609733978,10.546313697607037,7,32.41861202738546,-2.0679947701028794,32.41861202738546
260,AVAXUSDT,FLOWUSDT,0.012708914067804786,1.0341377340312878,12.406148821008959,4,32.154217909770416,-0.04436839734315136,32.154217909770416
245,UNIUSDT,FLOWUSDT,0.01358772317335726,2.208145761782223,4.024342733346876,8,32.00029615257411,2.3360364274576346,32.00029615257411
205,KAVAUSDT,OCEANUSDT,0.03509839415759956,1.311251535097462,0.524294117809988,8,31.66043049936932,-0.64176184849496,31.66043049936932
211,KAVAUSDT,1000SHIBUSDT,0.02544086332680025,95.23730135673797,0.22762293635690223,5,31.384694367432765,0.4337601887430975,31.384694367432765
5,ETHUSDT,MKRUSDT,0.012027072709161632,0.25270535217397233,1706.799953695895,3,31.14971842064271,-1.6165501268299545,31.14971842064271
257,AVAXUSDT,MASKUSDT,0.019827087439410213,1.2153693227627194,8.7802161636551,9,31.13164789076484,-0.4489648473340979,31.13164789076484
79,EOSUSDT,INJUSDT,0.021184914238776453,0.02763720625625283,0.5194739602347621,7,31.030556256114103,-0.3349139456280534,31.030556256114103
249,AVAXUSDT,AAVEUSDT,0.034716037338870416,0.021775368777891664,11.532013670610002,3,30.75180293582367,-1.5086491139211045,30.75180293582367
265,FTMUSDT,GRTUSDT,0.00218427506423913,0.5021223517072934,0.2526089181285946,6,30.621252268186982,0.4554521955872614,30.621252268186982
194,DOGEUSDT,APTUSDT,0.04376249593108587,0.002207250630061653,0.0512490285274826,3,29.949794568944615,0.49730587935237774,29.949794568944615
243,SOLUSDT,MASKUSDT,0.030607229026205853,3.2732657396365967,7.447972394911558,5,29.795341534366056,0.5651637672159334,29.795341534366056
253,AVAXUSDT,SFPUSDT,0.032747917039324774,10.973087586860558,7.901346715507744,5,29.567972406577567,-1.011013544714304,29.567972406577567
134,ADAUSDT,GRTUSDT,0.0010467174702214754,0.2968194387525372,0.2560570291875563,5,29.478088868980933,0.8368980739164302,29.478088868980933
233,DOTUSDT,INJUSDT,0.033639354539740436,0.42621958466181353,1.688569882522726,5,29.34108218543411,-0.9830527240370889,29.34108218543411
137,ADAUSDT,GALAUSDT,0.0007589769602420405,7.569151677598381,0.10101834205574413,6,28.683525111802364,0.7074225141655555,28.683525111802364
163,ONTUSDT,GRTUSDT,0.010148273332087012,-0.16096370681042718,0.22369753060891162,4,28.659985828349487,-0.15554775517116348,28.659985828349487
291,BELUSDT,GRTUSDT,0.01527653488798483,1.7428662749343946,0.4812907974630218,5,28.654649882195045,-0.46598937898185605,28.654649882195045
254,AVAXUSDT,LINAUSDT,0.03302342663584238,86.9498921500903,11.86620485456967,2,28.620352061457258,0.23307662683222619,28.620352061457258
208,KAVAUSDT,SFPUSDT,0.02373335832652805,0.912529443994139,0.5244957480294773,4,27.912666292961035,0.4926795349132151,27.912666292961035
258,AVAXUSDT,GALAUSDT,0.005159238381521393,270.0192817080271,6.304265893031789,6,27.820380972726948,-1.37480094903787,27.820380972726948
315,MASKUSDT,FLOWUSDT,0.007589553398126675,1.099028845589764,2.823528492099594,4,27.55543807772659,0.7632283131685188,27.55543807772659
91,LTCUSDT,SANDUSDT,0.012786714223972671,222.92543838526973,9.285550102973607,2,27.437991132603543,-0.9432335401049269,27.437991132603543
202,KAVAUSDT,AAVEUSDT,0.04232424172381348,0.0021140507258639012,0.8049763259393878,3,27.39015351365263,-0.350239731288398,27.39015351365263
52,XRPUSDT,GRTUSDT,0.0372589418412761,0.47148803211597007,0.42548591167195465,4,27.095409071119015,1.3177031148001785,27.095409071119015
270,TOMOUSDT,AAVEUSDT,0.002802667830093351,-0.002944723398748231,1.2704781960233134,6,27.0429343557731,-1.877063665847436,27.0429343557731
67,EOSUSDT,NEARUSDT,0.047623005934635344,0.2221751891420407,0.43860403263755116,4,26.990216933331155,0.4628382306417346,26.990216933331155
309,1000SHIBUSDT,GMTUSDT,0.009861820088729354,0.012478302075294254,0.004798920204599137,4,26.98305996744787,0.11204682352063115,26.98305996744787
83,LTCUSDT,DOGEUSDT,0.03855839834682181,1932.372691200462,-24.003744458184666,3,26.907644505766516,-1.1084083340469302,26.907644505766516
210,KAVAUSDT,NKNUSDT,0.04212498382756577,3.1775034211232525,0.6363594946900011,4,26.67565863020896,-0.5382544852357742,26.67565863020896
284,MATICUSDT,GRTUSDT,0.02523121431196073,1.5786149830211718,0.4940648716738374,4,26.32027944606293,0.799154337221688,26.32027944606293
204,KAVAUSDT,MATICUSDT,0.017175621631081238,0.42485289564242895,0.6662469089085113,4,26.231916590514636,0.46750542511982074,26.231916590514636
280,FILUSDT,GRTUSDT,0.004019341910390435,26.040933241215793,1.2385263427323547,4,26.15866204408174,0.620300713613991,26.15866204408174
92,LTCUSDT,MTLUSDT,0.048249868957208945,-9.669162816893921,119.40694786974747,2,26.038218616371772,-0.13210525940170104,26.038218616371772
107,ETCUSDT,1000XECUSDT,0.0017002312280771535,165.114985502687,14.448275617608731,7,25.90695807791804,-0.11345684851438481,25.90695807791804
187,DOGEUSDT,MASKUSDT,0.04385353603942115,0.005200011106352883,0.04933203547566167,1,25.309283118873196,0.8535184574156512,25.309283118873196
263,AVAXUSDT,LDOUSDT,0.03934606698200981,1.1132923358523779,10.716347954368416,5,25.202558565434593,-0.3751138972219729,25.202558565434593
66,EOSUSDT,TOMOUSDT,0.04297020994623488,0.10203125081691397,0.6467039967477617,4,25.127665927431963,0.6064872275184224,25.127665927431963
299,SANDUSDT,FLOWUSDT,0.03069693033383042,0.15197453902528976,0.33956763253206823,5,24.744691988470436,1.1642093146983925,24.744691988470436
169,ONTUSDT,GMTUSDT,0.013045047006622653,-0.19690122694508744,0.24960089922094306,3,24.387595507496638,-0.13442160220822968,24.387595507496638
302,SFPUSDT,NKNUSDT,0.0234917761717187,3.175578454041831,0.15327694152135735,7,24.105262206000905,-2.9013508803232106,24.105262206000905
54,XRPUSDT,GMTUSDT,0.013602516763977139,0.9603371008851451,0.26250577136016306,6,23.7647077745129,0.6769077626957674,23.7647077745129
88,LTCUSDT,UNIUSDT,0.026692976731984924,18.439018226134095,6.374012515895874,3,23.642891228114998,-1.4662275524635544,23.642891228114998
200,KAVAUSDT,AVAXUSDT,0.014262412944060684,0.07276390497061913,0.0033252722306795204,5,23.636806096034793,1.6175254572053295,23.636806096034793
184,DOGEUSDT,SFPUSDT,0.035599400140851147,0.09845622082699225,0.02129893070810375,3,23.551832499097845,0.3153725137829477,23.551832499097845
122,LINKUSDT,INJUSDT,0.019626026517475036,0.45715622054293836,2.520057105347877,4,23.13573645942649,0.02358238782758647,23.13573645942649
198,KAVAUSDT,CRVUSDT,0.0430982238026739,0.31757515362460403,0.709213197446856,4,22.741584936050113,0.5051347443566038,22.741584936050113
304,SFPUSDT,CELOUSDT,0.004071585934603655,0.12453091004879713,0.40567337084279786,5,22.659160494433532,1.4648035250641047,22.659160494433532
119,LINKUSDT,CELOUSDT,0.020892404105828353,2.0322153105064533,5.347134315638748,6,22.06063586078374,1.0105828322109727,22.06063586078374
90,LTCUSDT,NEARUSDT,0.0036833158668261767,80.93554103822167,-8.476614077795492,2,22.00843508646327,-0.07589954945708534,22.00843508646327
256,AVAXUSDT,1000SHIBUSDT,0.028518106199072406,1280.2251279586906,3.3010482096463596,9,21.343299707078632,-1.38617217611297,21.343299707078632
98,LTCUSDT,FLOWUSDT,0.0008012472031057634,42.08791823573129,79.69508827625495,3,20.95968648134457,-0.5489531717908074,20.95968648134457
209,KAVAUSDT,MTLUSDT,0.002151375101242235,0.21079440134416416,0.6799213930055726,8,20.91282554110324,-1.2259303881866257,20.91282554110324
124,ADAUSDT,ALGOUSDT,0.002239426565980792,1.6981446611088455,0.08034034019879316,8,20.884061689983724,1.5238343379939805,20.884061689983724
232,DOTUSDT,CELOUSDT,0.04207410614586892,1.6914745746576865,4.431344174731614,3,20.8761728328925,0.010999095297730528,20.8761728328925
206,KAVAUSDT,BELUSDT,0.022545568061602808,0.3470947657195078,0.7167803268742579,4,20.847165330605662,0.8873384521757419,20.847165330605662
167,ONTUSDT,CELOUSDT,0.01659834850832721,-0.02272368009692775,0.21685388583320916,4,20.768362998696666,-0.3655297214750174,20.768362998696666
78,EOSUSDT,OPUSDT,0.00027452001422967456,0.45160831934040485,0.1563568608838427,5,20.640430509242528,1.5824588395618704,20.640430509242528
120,LINKUSDT,FLOWUSDT,0.003121632610936137,1.919748907442367,5.180439922772209,3,20.614701273994456,1.408734686238934,20.614701273994456
68,EOSUSDT,AXSUSDT,0.00017775681836203197,0.06337807454639308,0.36330916348347136,6,20.318997448191453,-0.1685142519666746,20.318997448191453
248,AVAXUSDT,TOMOUSDT,0.028757319832356056,0.973019205645369,12.038897891946789,3,20.105406683796318,0.4216940478592894,20.105406683796318
269,FTMUSDT,CELOUSDT,0.013767711566969505,0.08324264370720062,0.2674506673832677,5,20.06599212908204,1.200159526783639,20.06599212908204
178,DOGEUSDT,MKRUSDT,0.005342993403837189,1.0686178403715714e-05,0.058286543777507624,4,19.918314643808294,-0.04159854062418532,19.918314643808294
294,AXSUSDT,FLOWUSDT,0.02631191009218356,1.9110544819335886,4.950236216462851,2,19.79066730512234,0.4849880791475657,19.79066730512234
97,LTCUSDT,1000XECUSDT,0.028020352563545216,572.7430712808223,86.5878691492687,1,19.758593831836617,0.09465644289381014,19.758593831836617
155,ONTUSDT,STORJUSDT,0.015079701583071498,-0.03191405191257511,0.21591053343696703,3,19.60323198172331,0.5369632845793185,19.60323198172331
82,LTCUSDT,BNBUSDT,0.031174847969240704,0.9905528003673919,-135.17219511638547,4,19.542903454331533,-0.3986090374623465,19.542903454331533
139,ADAUSDT,GMTUSDT,3.651926317707375e-05,0.6389147399592106,0.14565540810509425,7,19.518876408880644,0.08518194767988684,19.518876408880644
113,LINKUSDT,UNIUSDT,0.03227550023628568,0.8370711115330927,1.8577625750062556,5,19.389577158480172,-0.37595353373148965,19.389577158480172
285,MATICUSDT,SFPUSDT,0.01408584275568778,1.9167097425993438,-0.22471276938684204,6,19.31149660588091,0.3172521801878608,19.31149660588091
241,CRVUSDT,APTUSDT,0.038816835588636536,0.05727156883934778,0.3456924820162142,4,19.182809891791145,0.5503697085006927,19.182809891791145
61,EOSUSDT,KAVAUSDT,0.048034025319262943,0.1386598636892276,0.6227240486300709,4,18.929497961448675,-0.0072497590809115125,18.929497961448675
262,AVAXUSDT,APEUSDT,0.010945895930880096,-0.2708674582311081,13.671499003220035,3,18.622282292570716,-0.12453573327693543,18.622282292570716
195,SXPUSDT,FLOWUSDT,0.04219016247335286,0.12562064976264062,0.28773005672199864,3,18.60374837534244,0.4098270787008509,18.60374837534244
51,XRPUSDT,MATICUSDT,0.025349260303780645,0.2768455731615541,0.29273256743188425,4,18.491312782287334,0.9646988231646906,18.491312782287334
101,TRXUSDT,MTLUSDT,0.03902756401523852,0.011136069005122347,0.06215644077322267,3,18.45265691795403,-0.47380614881035815,18.45265691795403
72,EOSUSDT,DYDXUSDT,0.020616542517085307,0.10373517516558443,0.5425682664801637,4,17.83405314131958,0.7212427987590374,17.83405314131958
185,DOGEUSDT,LINAUSDT,0.006300493054919648,-0.922605617523885,0.0804951099967529,3,17.07581555837968,0.6125863494486802,17.07581555837968
53,XRPUSDT,1000XECUSDT,0.004060272309889246,-1.1713293158723939,0.5219406141447294,3,16.738224297337403,0.8800167210533252,16.738224297337403
214,KAVAUSDT,CELOUSDT,0.00979477986049432,0.12094019276842954,0.8908394875273081,4,16.564418982557235,1.048215720796536,16.564418982557235
1,BTCUSDT,GALAUSDT,0.022845407954988833,429658.6922753887,19922.445577437822,6,16.29104759027158,-0.4459478402454936,16.29104759027158
81,LTCUSDT,ETCUSDT,0.008318290410382397,2.4131253715796928,57.87672702196488,1,16.07568351573911,-0.04624689898641968,16.07568351573911
300,SANDUSDT,INJUSDT,0.01776856808736658,0.037836174541177936,0.1149300048977067,5,15.949561483579327,-0.2597777562473994,15.949561483579327
110,LINKUSDT,ATOMUSDT,0.040719531353998896,0.5705694016541694,0.9610974871680676,4,15.009993610340132,-0.7830158392384448,15.009993610340132
320,APEUSDT,LDOUSDT,0.018354254645531653,-0.23168016204608524,2.702055544865712,6,14.697053202991423,-1.2575047650255669,14.697053202991423
145,ATOMUSDT,FILUSDT,0.00015551196914147123,0.7419003251353758,6.386179294658324,5,14.627434255572958,0.8833242834770761,14.627434255572958
311,1000SHIBUSDT,INJUSDT,0.01582163944172935,0.00023517952099689815,0.005627650796665231,3,14.459994741113622,0.6479856194449618,14.459994741113622
267,FTMUSDT,1000SHIBUSDT,0.043586471169674124,60.56732678726669,-0.15099712788298977,4,13.837850808449042,-0.034886007794254895,13.837850808449042
112,LINKUSDT,SOLUSDT,0.027060890843274586,0.26912472139399607,1.3017930010138474,2,13.778593450343104,0.293568029562446,13.778593450343104
238,CRVUSDT,MTLUSDT,0.0060105103707808315,0.2945334062038416,0.3887611280965261,3,13.731319011457245,-0.7322469876955237,13.731319011457245
173,ALGOUSDT,CELOUSDT,0.010637793894000613,0.028137119509557777,0.10908443758420296,6,13.61599459283208,0.2928304308637673,13.61599459283208
144,BNBUSDT,INJUSDT,0.012137781082954924,9.730269348559375,161.3413739716779,6,13.222700175950239,-1.4508394257535788,13.222700175950239
303,SFPUSDT,1000SHIBUSDT,0.0008028341037652687,94.22703076776655,-0.2479414421190998,9,13.074181448306254,0.06555420144780155,13.074181448306254
117,LINKUSDT,MASKUSDT,0.011701726213495267,1.4541137588138604,1.2819270933860663,4,12.601437215371442,0.6578562313116301,12.601437215371442
141,BNBUSDT,WAVESUSDT,0.0441921276883178,-32.2781531290856,306.46211425431466,2,12.373095842479675,-0.1770377301712213,12.373095842479675
143,BNBUSDT,APEUSDT,0.02933516425644146,-16.516165094752854,280.82056842559365,2,11.7568810610944,-0.4386535159570779,11.7568810610944
217,MKRUSDT,SNXUSDT,0.00809263981647516,-1022.1924606194635,3197.8067179305904,5,11.694889007819647,0.5466797871244489,11.694889007819647
102,ETCUSDT,ONTUSDT,0.023455645670520626,91.52716984733665,1.5255089284395251,6,11.617688836645753,-1.2264310466679547,11.617688836645753
162,ONTUSDT,BELUSDT,0.011310272998955033,-0.05557639279762511,0.24295529221183587,4,11.544391329766441,-0.31275847207079915,11.544391329766441
128,ADAUSDT,SOLUSDT,0.009886072450396124,0.006729080393626873,0.16283702465150607,3,11.332334234346538,0.8632767642250092,11.332334234346538
295,AXSUSDT,APEUSDT,0.0165790932991722,-1.397087757331122,9.271472097365205,4,11.055918110392255,-0.08658131274841205,11.055918110392255
132,ADAUSDT,BELUSDT,0.012325588727591623,0.16645595659498394,0.17672729215780142,5,10.90375089070892,1.3365933011904085,10.90375089070892
237,CRVUSDT,LINAUSDT,0.0037349958521994135,-36.35566557378581,1.2767917627173104,3,10.362778774247978,0.3959185853832024,10.362778774247978
129,ADAUSDT,FTMUSDT,0.0010875740198630832,0.5581637123574146,0.11699421109784099,6,10.354671761006632,0.686212473910844,10.354671761006632
183,DOGEUSDT,GRTUSDT,0.010443417533629585,0.05756707668683999,0.06096930576137152,3,10.166485855642131,0.6497452549008559,10.166485855642131
135,ADAUSDT,SFPUSDT,0.0010815192054164867,0.37212441140909996,0.1153787639694925,8,9.285091140145186,0.5270023140257103,9.285091140145186
10,ETHUSDT,LDOUSDT,0.021363258637480145,292.9635290139694,1309.3237076148353,5,9.122805830546985,-0.4762091096437627,9.122805830546985
6,ETHUSDT,BELUSDT,0.03339545145233582,923.2705973706965,1296.9231727977083,4,8.804195822370069,-0.2541638736791593,8.804195822370069
114,LINKUSDT,BELUSDT,0.03567956503481311,6.098831269992922,2.2398407486036764,6,8.781533183576071,0.6142469794608667,8.781533183576071
9,ETHUSDT,INJUSDT,0.02953751820974871,67.33295401289298,1355.3156513385916,2,8.773289324792541,-0.5407842536784245,8.773289324792541
312,1000SHIBUSDT,LDOUSDT,0.013294039376531216,0.0010043057992401325,0.0055071205722534875,8,8.437199914632407,1.151033388720477,8.437199914632407
2,ETHUSDT,ADAUSDT,0.037337613506065834,4575.864084730845,598.9255411997012,4,8.39968158829316,-1.0992961087132376,8.39968158829316
219,MKRUSDT,MATICUSDT,0.018680074684321687,3608.307894393429,-1567.8051132731114,6,8.369737736440516,1.1764787235373224,8.369737736440516
7,ETHUSDT,SFPUSDT,0.00021133731181056023,2371.772724570764,811.6257210797879,8,8.347329302330996,-1.699637863549731,8.347329302330996
146,ATOMUSDT,GRTUSDT,0.0023076468824074427,19.781329196170148,7.251107217588977,5,7.1104777409371955,1.1733798070555903,7.1104777409371955
307,1000SHIBUSDT,GALAUSDT,0.018384313073817913,0.14947204082798365,0.0038859553962286015,4,7.053261073545253,0.6205754194202759,7.053261073545253
147,ATOMUSDT,SFPUSDT,0.04836210500211828,23.071417343416385,-1.3097168258456175,8,6.869149173381664,0.5413143623777827,6.869149173381664
121,LINKUSDT,APEUSDT,0.0365409561598743,-2.044342082803589,10.938842722466212,3,6.868447557549491,0.013582134119637792,6.868447557549491
190,DOGEUSDT,ARPAUSDT,0.034174778025880315,0.14755361417692672,0.05962660496987954,1,6.243889150196085,1.0423688660037491,6.243889150196085
77,EOSUSDT,APEUSDT,0.030763351305534568,0.01366499942930135,0.7248547370453726,4,5.859262989498473,0.16790478377096785,5.859262989498473
116,LINKUSDT,MTLUSDT,0.03438673343507925,1.462404931574661,4.512182179620076,1,5.565069669900816,-0.5435234543850087,5.565069669900816
87,LTCUSDT,SOLUSDT,0.0007374334261119923,5.078400898886869,10.281536951068654,1,5.057566238938943,-0.8034487291389958,5.057566238938943
290,OCEANUSDT,1000XECUSDT,0.012647251710978292,-1.107085738293085,0.367196935427137,1,4.910785069249553,1.617461999168645,4.910785069249553
3,ETHUSDT,ATOMUSDT,0.029467588155921848,88.94485919369133,1078.7714341556075,4,4.6410590003422705,-1.4852957378772156,4.6410590003422705
268,FTMUSDT,GALAUSDT,0.0041382261542453214,13.303957303661626,-0.02218409301198271,6,4.367423178168179,0.21070184756599641,4.367423178168179
138,ADAUSDT,CELOUSDT,0.012663349249382288,0.052351726920343365,0.2631745692452531,8,4.335086552444706,1.4862298084145669,4.335086552444706
170,ONTUSDT,APEUSDT,0.025977002982640544,0.06433175999830124,0.06260211704086495,3,4.114275458751379,0.2611498910287712,4.114275458751379
8,ETHUSDT,APEUSDT,0.021410865897437036,-269.63434657533287,2525.686225510231,3,3.7576486921403642,-0.3392325964830164,3.7576486921403642
160,ONTUSDT,MATICUSDT,0.02567256376983242,-0.034497807119703315,0.22829594006482726,3,3.4811597307570707,-0.27613936903533487,3.4811597307570707
221,MKRUSDT,APEUSDT,0.017113735446913372,-1367.7196732960433,3905.6154007856903,4,2.8159884053714315,0.7288714630584129,2.8159884053714315
4,ETHUSDT,KAVAUSDT,0.02877212890303971,1104.8245997389981,874.7398204676529,2,2.5018058167415806,-0.4940143766075428,2.5018058167415806
298,GRTUSDT,GALAUSDT,0.016205701665201164,20.37219893132733,-0.39378132372333124,5,2.090427805902376,0.06178269019266002,2.090427805902376
161,ONTUSDT,OCEANUSDT,0.03022072958914171,-0.08141957447717123,0.23160227006980078,2,1.9726943181335166,-0.1663638866063897,1.9726943181335166
0,BTCUSDT,ADAUSDT,0.037820582603281326,42041.62328322237,18468.740525043133,4,1.7235363421450005,-0.5953482132168074,1.7235363421450005
157,ONTUSDT,FTMUSDT,0.01651304596970879,-0.15173837205672153,0.25212182181203946,4,1.6214379416176574,-0.24709341478774982,1.6214379416176574
142,BNBUSDT,FLOWUSDT,0.0008937693595395055,39.79733018126582,218.65089436811616,5,1.5951081175818516,-0.3616714307728188,1.5951081175818516
153,ONTUSDT,CRVUSDT,0.04421432729958489,-0.01287692227041048,0.21483475368655336,2,0.8614694378294856,-0.3533506654163711,0.8614694378294856
203,KAVAUSDT,FILUSDT,0.002489951456846409,0.03023131975754515,0.8250872999730255,6,0.8177181693241398,0.5315325197309932,0.8177181693241398
115,LINKUSDT,GRTUSDT,0.00416353260633336,10.91261118320649,5.142062712893823,3,0.44720201913974833,0.1420762103809716,0.44720201913974833
49,XRPUSDT,ONTUSDT,0.017846155558213294,-0.607147897875882,0.6049794177539096,4,0.10780870123673147,1.3338396596811795,0.10780870123673147
287,MATICUSDT,GMTUSDT,0.048273767906622765,3.1024478652329472,-0.025978037579806698,4,-0.13113424181261135,-0.2287898937058578,-0.13113424181261135
215,KAVAUSDT,APTUSDT,0.021574306635008495,0.029097345221336408,0.7377057140215839,4,-0.16192257816607736,0.4848938856081573,-0.16192257816607736
235,CRVUSDT,TOMOUSDT,0.001958774244120242,-0.31156910199877647,1.103390497119742,2,-0.4025139223583145,0.1307502000889392,-0.4025139223583145
140,ADAUSDT,LDOUSDT,0.0009232457651723976,0.04660813247309461,0.19210541535813996,5,-0.5484282971897909,1.2080241900974291,-0.5484282971897909
318,GALAUSDT,GMTUSDT,0.047411184913837216,0.06507181402151473,0.010288690239002694,6,-0.5617848089474933,-0.2955169524924979,-0.5617848089474933
125,ADAUSDT,KAVAUSDT,0.0020070677851505873,0.18958823651491835,0.10977551432018688,5,-1.2437348944716355,0.6197554407120777,-1.2437348944716355
148,ATOMUSDT,GALAUSDT,0.035239254970334026,450.514680176408,-1.7296566894169614,5,-1.6520334834613726,0.7532115329636664,-1.6520334834613726
131,ADAUSDT,MATICUSDT,0.0026798102796191164,0.19572396913443504,0.15793649916266012,10,-1.782357213217507,0.41972103049648085,-1.782357213217507
159,ONTUSDT,FILUSDT,0.021724264879211103,-0.0039464040233894776,0.22178474214207147,3,-1.988172631167046,-0.20180269918964713,-1.988172631167046
133,ADAUSDT,AXSUSDT,0.032325478399048015,0.016529513175409672,0.18856561362498137,3,-2.2967088163820955,1.1721970262385524,-2.2967088163820955
48,XRPUSDT,ETCUSDT,0.002808248019580494,-0.0060316353825001934,0.6028935807869348,3,-2.3735943266950175,0.9480637150010862,-2.3735943266950175
62,EOSUSDT,WAVESUSDT,0.033570812598435945,-0.09582931363600763,0.9396558662321831,6,-2.5121557229741036,0.14389891886107614,-2.5121557229741036
86,LTCUSDT,DOTUSDT,0.0121307238104625,22.593758698803065,-13.434209197055623,2,-2.6117475479959165,-0.7399256367794365,-2.6117475479959165
64,EOSUSDT,SOLUSDT,0.038931402429808665,0.0026427904126596754,0.7048446307019,4,-2.853852594125788,0.07469423703240329,-2.853852594125788
316,1000XECUSDT,APEUSDT,0.04666692725751687,0.012055703301025187,0.008644802184094755,1,-2.86806848289221,-1.0039532403713014,-2.86806848289221
59,EOSUSDT,BNBUSDT,0.045002529918360644,0.0033683617999853283,-0.0677819022036131,6,-3.302755809648556,0.36152606607998455,-3.302755809648556
220,MKRUSDT,SFPUSDT,0.021549364280889573,7203.377086293663,-2514.0270723714607,3,-3.330574555538252,1.142546292628349,-3.330574555538252
231,SNXUSDT,APTUSDT,0.025748868358989388,-0.10945221818120317,3.0825213943483947,6,-3.6103191091369764,-1.1017436964859315,-3.6103191091369764
281,FILUSDT,SFPUSDT,0.01446683629029482,28.625727275440727,-9.208290469077175,3,-3.879498351478153,0.072707869628598,-3.879498351478153
172,ALGOUSDT,FILUSDT,0.02880453708629726,0.005781785630245752,0.09914590570979388,9,-6.792793713779567,-0.6903106052801702,-6.792793713779567
188,DOGEUSDT,DYDXUSDT,0.01566295845327646,-0.0012896544007652427,0.07033832867818107,1,-6.866333165415154,0.8591721101896079,-6.866333165415154
293,BELUSDT,APEUSDT,0.048144869117042625,-0.260350467814957,1.2607856294693194,1,-7.084151343480886,-0.14594409730291777,-7.084151343480886
239,CRVUSDT,DYDXUSDT,0.008623589506061518,-0.14842043208407618,1.0765032817059876,3,-7.81150156864471,0.6532834073055566,-7.81150156864471
286,MATICUSDT,1000SHIBUSDT,0.007261186331728467,199.7794418011659,-0.8462874659953304,8,-9.151927913251168,0.15649136712202927,-9.151927913251168
308,1000SHIBUSDT,CELOUSDT,0.0028754500993311465,0.001075589234641455,0.007066143684130239,7,-9.195068058225425,1.3515471427993173,-9.195068058225425
111,LINKUSDT,ALGOUSDT,0.040580605835122976,58.63640120036302,-0.8478419123406504,2,-9.339660495991373,0.7284234106503079,-9.339660495991373
165,ONTUSDT,MASKUSDT,0.008014046678859485,-0.017315479895815254,0.26603920325117836,4,-9.868340845840878,-0.31061981257568316,-9.868340845840878
123,ADAUSDT,ATOMUSDT,0.00011536042258752729,0.01574878029139794,0.14014170584526353,9,-10.626484753410518,0.266713317085752,-10.626484753410518
216,WAVESUSDT,UNIUSDT,0.02119907110617905,-0.1898075700422212,2.9599843089227633,6,-11.652009682912201,0.7763522949632907,-11.652009682912201
171,ONTUSDT,APTUSDT,0.018652828227231154,-0.0048866085755431615,0.24130053523282227,4,-13.418568949608002,-0.14000792701633413,-13.418568949608002
118,LINKUSDT,GALAUSDT,0.04725498247694707,240.3556131337751,0.3926570967163173,3,-13.646134738046687,0.09289921955955206,-13.646134738046687
317,GALAUSDT,CELOUSDT,0.0011699540572414928,0.00585280435321267,0.02198340650445352,9,-14.19787001483932,1.1491256256677904,-14.19787001483932
127,ADAUSDT,DOTUSDT,0.0074428374841835725,0.026193863660177626,0.15133716392035843,2,-14.748219897758595,1.5818771767564217,-14.748219897758595
63,EOSUSDT,SNXUSDT,0.03210776094265525,0.010516422103560043,0.7312382389809589,4,-16.711432723735943,0.17821185321370825,-16.711432723735943
288,MATICUSDT,APEUSDT,0.021206581687315287,-0.25660513810887997,1.2460822140166703,2,-19.40835231901922,0.4304786589293987,-19.40835231901922
158,ONTUSDT,AAVEUSDT,0.005354662292183713,-0.00043575686599363713,0.2357134800089972,3,-20.223391280409317,0.34560560033259907,-20.223391280409317
152,ONTUSDT,MKRUSDT,0.015406498420260133,-1.4759858718061164e-05,0.21788489359277016,3,-20.291385786824062,-0.08104627092615858,-20.291385786824062
56,EOSUSDT,LTCUSDT,0.0034851753774840554,0.002262994675580188,0.513365897962905,4,-20.913331161282564,0.5159492174800366,-20.913331161282564
151,ONTUSDT,KAVAUSDT,0.028226145735270644,-0.0644660964087215,0.26642243306426494,2,-21.273697135707355,-0.23967664984342527,-21.273697135707355
164,ONTUSDT,MTLUSDT,0.019474779832774864,-0.03544745076215079,0.25106558792579065,3,-21.373680143418653,0.4743658382808834,-21.373680143418653
283,FILUSDT,GALAUSDT,0.012809183659941235,572.8952344986178,-10.078282866055066,5,-21.819895492541633,0.32422471504624967,-21.819895492541633
282,FILUSDT,1000SHIBUSDT,0.02597881500321753,2794.914786383094,-17.050710638467685,6,-25.303954985696844,0.05207563561273373,-25.303954985696844
240,CRVUSDT,APEUSDT,0.0011847791701714502,-0.3073439146753786,1.452220019090409,5,-26.097821842003047,0.4925080555462433,-26.097821842003047
191,DOGEUSDT,APEUSDT,0.0003777544122025697,-0.014747005468415356,0.10031306961284517,5,-27.539070686280155,0.3903974956222392,-27.539070686280155
55,XRPUSDT,APEUSDT,0.013894601146532052,-0.09202306118243826,0.6841142264769474,5,-28.808670587599828,0.8159972597630644,-28.808670587599828
174,ALGOUSDT,INJUSDT,0.039016832738524715,0.006168660193977459,0.07131380759266748,5,-30.58777166606889,-0.4280269665838753,-30.58777166606889
177,DOGEUSDT,WAVESUSDT,0.0028147882684110125,-0.01438612075475485,0.09540557953241359,4,-31.091753139884098,1.1832920197831962,-31.091753139884098
156,ONTUSDT,AVAXUSDT,0.02114425883169774,-0.0044694241946552655,0.26331408675347984,2,-31.364120857160362,-0.42368841966125625,-31.364120857160362
279,FILUSDT,MATICUSDT,0.048174178147173674,14.073391882507318,-5.267730326089089,3,-31.9243592356276,-0.08288242768188381,-31.9243592356276
212,KAVAUSDT,DYDXUSDT,0.01610206710309552,-0.06307470046083039,1.0837384155862184,5,-32.253896526664256,0.6659098653888141,-32.253896526664256
179,DOGEUSDT,SNXUSDT,0.0006823146417751509,-0.009950588547238577,0.09025373028429075,5,-34.02482086823349,0.3393017940196402,-34.02482086823349
224,SNXUSDT,AAVEUSDT,0.010981854054070797,-0.008638523274419791,2.8780286220797007,6,-40.584374856940826,-0.1444759033805138,-40.584374856940826
310,1000SHIBUSDT,APEUSDT,0.017951453367852,-0.0008329936799843983,0.009474906736558562,4,-44.37556763957842,0.6263073745250624,-44.37556763957842
154,ONTUSDT,SOLUSDT,0.00014284321731992012,-0.006723314767441057,0.3326835038498627,7,-45.797457648403324,-0.06395191685445707,-45.797457648403324
57,EOSUSDT,ETCUSDT,0.0008772020085116442,0.01570983095562279,0.436509282253801,3,-47.05292956871182,1.0183789030821848,-47.05292956871182
60,EOSUSDT,COMPUSDT,0.04393601873449631,0.00035499618116691887,0.733973968493573,4,-47.602860857043055,0.013450360163262964,-47.602860857043055
197,KAVAUSDT,SNXUSDT,0.017502445476403544,-0.05635100884129841,1.08226892804468,7,-50.57890776923959,0.6866439531158711,-50.57890776923959
319,GMTUSDT,APEUSDT,0.043247695054610374,-0.06660543763863051,0.374397776100291,5,-53.74321792012189,0.7130808643477848,-53.74321792012189
181,DOGEUSDT,TOMOUSDT,0.0028649978764512763,-0.013266685585662933,0.08178781265204414,4,-57.83756213914042,0.2128476850069797,-57.83756213914042
306,1000SHIBUSDT,DYDXUSDT,0.025341610408780108,-0.00027495412990802715,0.008195798300416439,2,-58.749511797390355,0.8225805857047085,-58.749511797390355
218,MKRUSDT,CRVUSDT,0.02510493656293838,3347.987540701147,-1705.5989862338504,5,-61.64758745329481,0.8724691208886615,-61.64758745329481
149,ONTUSDT,COMPUSDT,0.0007488050601214555,-0.0004982951277050562,0.23451134700113804,5,-77.74237991876957,0.04627344590331479,-77.74237991876957
100,TRXUSDT,SNXUSDT,0.028059715492201386,-0.009935167085147006,0.09918587922343455,6,-81.564977367755,0.4256446291152208,-81.564977367755
